"ISO3","Name","Value","sign"
"AFG","Afghanistan","0.0156141875925538","0"
"ALB","Albania","-0.0348401019636111","0"
"DZA","Algeria","0.31116240290692","1"
"AND","Andorra","",""
"AGO","Angola","0.427378691859276","1"
"ATG","Antigua and Barbuda","-0.205715095852843","0"
"ARG","Argentina","0.339491490512418","0"
"ARM","Armenia","0.298622364782725","1"
"AUS","Australia","-0.237902473068583","-1"
"AUT","Austria","-0.134582238266904","0"
"AZE","Azerbaijan","0.156682793928839","0"
"BHS","Bahamas","-0.194152598007559","-1"
"BHR","Bahrain","0.170560150875939","0"
"BGD","Bangladesh","0.377719575324972","1"
"BRB","Barbados","0.0879064511544716","0"
"BLR","Belarus","0.436112380779298","0"
"BEL","Belgium","-0.202647392778775","0"
"BLZ","Belize","-0.0447557631690658","0"
"BEN","Benin","0.435979024501807","1"
"BTN","Bhutan","0.368277555443009","1"
"BOL","Bolivia, Plurinational State of","0.132598071638025","1"
"BIH","Bosnia and Herzegovina","-0.11077556959862","0"
"BWA","Botswana","0.108862238228003","0"
"BRA","Brazil","0.0330909169139279","0"
"BRN","Brunei Darussalam","0.357689906969513","1"
"BGR","Bulgaria","0.0718307304408759","0"
"BFA","Burkina Faso","0.232274535063062","0"
"BDI","Burundi","-0.0857742040231472","0"
"KHM","Cambodia","0.203105009879585","0"
"CMR","Cameroon","0.0256696820615239","0"
"CAN","Canada","-0.270155996655697","-1"
"CPV","Cape Verde","0.0562823819272992","0"
"CAF","Central African Republic","0.0467741521246796","0"
"TCD","Chad","0.162568472926083","1"
"CHL","Chile","-0.10050358002586","0"
"CHN","China","1.14272671605105","1"
"COL","Colombia","-0.0608605482974821","0"
"COM","Comoros","-0.205886238551803","0"
"COG","Congo","-0.0879620641987767","0"
"COD","Congo, the Democratic Republic o","0.409716867290189","0"
"CRI","Costa Rica","0.0141842083393546","0"
"CIV","Cote d'Ivoire","0.385457067978393","1"
"HRV","Croatia","-0.0933584686897448","0"
"CUB","Cuba","0.340876809954724","1"
"CYP","Cyprus","-0.0298507083233668","0"
"CZE","Czech Republic","-0.112003883105213","0"
"DNK","Denmark","-0.157014184087699","0"
"DJI","Djibouti","0.41325417082725","1"
"DMA","Dominica","-0.409426821621757","-1"
"DOM","Dominican Republic","-0.0379538909441975","0"
"ECU","Ecuador","0.210741639887769","0"
"EGY","Egypt","0.132243174207901","1"
"SLV","El Salvador","-0.00829019985523043","0"
"GNQ","Equatorial Guinea","-0.00833947786263701","0"
"ERI","Eritrea","0.0935279906087181","0"
"EST","Estonia","-0.196912750195102","0"
"ETH","Ethiopia","0.210088247123127","0"
"FJI","Fiji","0.27177535124039","1"
"FIN","Finland","-0.364836070651189","-1"
"FRA","France","-0.0442424824675505","0"
"GAB","Gabon","-0.0460837490255991","0"
"GMB","Gambia","0.356109540208923","1"
"GEO","Georgia","0.252582776414587","1"
"DEU","Germany","-0.208086205090651","-1"
"GHA","Ghana","0.172952110346363","1"
"GRC","Greece","0.242328660363766","1"
"GRD","Grenada","-0.162220178284533","-1"
"GTM","Guatemala","0.00184219840036078","0"
"GIN","Guinea","0.268996328232739","1"
"GNB","Guinea-Bissau","0.117179180183662","0"
"GUY","Guyana","0.0970602151673434","0"
"HTI","Haiti","0.061511985239314","0"
"HND","Honduras","-0.0210546282089334","0"
"HUN","Hungary","-0.211755301139063","-1"
"ISL","Iceland","-0.0475094772354207","0"
"IND","India","0.946211649964505","1"
"IDN","Indonesia","0.459036527477791","1"
"IRN","Iran, Islamic Republic of","-0.473982371550038","0"
"IRQ","Iraq","0.299685018637374","0"
"IRL","Ireland","-0.519557917267164","-1"
"ISR","Israel","-0.126355780514623","0"
"ITA","Italy","0.134275914708191","0"
"JAM","Jamaica","0.331363072971754","1"
"JPN","Japan","-0.105001931445161","0"
"JOR","Jordan","-0.136351482793403","0"
"KAZ","Kazakhstan","0.410700452413418","1"
"KEN","Kenya","0.431828136139128","1"
"KIR","Kiribati","",""
"PRK","Korea, Democratic People's Repub","0.169222480742098","1"
"KOR","Korea, Republic of","0.0160209834840546","0"
"KWT","Kuwait","0.540551224413621","1"
"KGZ","Kyrgyzstan","0.345137994270977","0"
"LAO","Lao People's Democratic Republic","0.265682532643499","0"
"LVA","Latvia","-0.0666682254534128","0"
"LBN","Lebanon","-0.35595092814068","-1"
"LSO","Lesotho","-0.0841409467061833","0"
"LBR","Liberia","-0.0769893596941617","0"
"LBY","Libyan Arab Jamahiriya","-0.0333626961207462","0"
"LIE","Liechtenstein","",""
"LTU","Lithuania","0.00314243704318321","0"
"LUX","Luxembourg","-0.349979223393874","-1"
"MKD","Macedonia","-0.0269242508459008","0"
"MDG","Madagascar","0.128891577884141","1"
"MWI","Malawi","0.203835921228317","1"
"MYS","Malaysia","-0.20654371308135","0"
"MDV","Maldives","0.336426592297276","1"
"MLI","Mali","0.0647080734556586","0"
"MLT","Malta","-0.169141780872502","0"
"MHL","Marshall Islands","",""
"MRT","Mauritania","0.377483862595173","0"
"MUS","Mauritius","0.335974084106726","1"
"MEX","Mexico","-0.131807563427933","0"
"FSM","Micronesia, Federated States of","0.0711122770249924","1"
"MDA","Moldova, Republic of","0.337167808075301","1"
"MCO","Monaco","",""
"MNG","Mongolia","0.375345890846887","1"
"MNE","Montenegro","0.129751427330397","0"
"MAR","Morocco","0.188997850123575","1"
"MOZ","Mozambique","-0.00457693245631876","0"
"MMR","Myanmar","0.443358445850706","1"
"NAM","Namibia","0.0474055515635752","0"
"NRU","Nauru","",""
"NPL","Nepal","0.154260279442978","0"
"NLD","Netherlands","-0.196693966677311","-1"
"NZL","New Zealand","-1.08672599296452","-1"
"NIC","Nicaragua","-0.371948817740178","-1"
"NER","Niger","0.633219954746935","1"
"NGA","Nigeria","0.35073105014285","1"
"NOR","Norway","-0.368015810279801","-1"
"OMN","Oman","0.00422683208647264","0"
"PAK","Pakistan","0.206427451857622","0"
"PLW","Palau","",""
"PAN","Panama","-0.264307549560217","-1"
"PNG","Papua New Guinea","-0.210035383608825","0"
"PRY","Paraguay","0.156366259737223","0"
"PER","Peru","0.0853360829647814","0"
"PHL","Philippines","0.110838017638411","0"
"POL","Poland","-0.28943958538789","-1"
"PRT","Portugal","-0.0743964332800201","0"
"QAT","Qatar","0.328307229489862","1"
"ROU","Romania","-0.0585634081717857","0"
"RUS","Russian Federation","0.406425241154631","1"
"RWA","Rwanda","0.36937664112889","1"
"KNA","Saint Kitts and Nevis","-0.0796743269570078","0"
"LCA","Saint Lucia","-0.214696806426278","-1"
"VCT","Saint Vincent and the Grenadines","",""
"WSM","Samoa","-0.0294388104676021","0"
"SMR","San Marino","",""
"STP","Sao Tome and Principe","0.0794762092234827","0"
"SAU","Saudi Arabia","0.456687790500202","1"
"SEN","Senegal","0.31494040386418","1"
"SRB","Serbia","0.36045995587771","0"
"SYC","Seychelles","0.226804790819361","0"
"SLE","Sierra Leone","0.179619644710286","0"
"SGP","Singapore","0.0158297330263459","0"
"SVK","Slovakia","0.052881381379304","0"
"SVN","Slovenia","-0.230831355691561","-1"
"SLB","Solomon Islands","0.31383620354127","1"
"SOM","Somalia","-0.698111363515363","0"
"ZAF","South Africa","-0.216686930230419","0"
"ESP","Spain","-0.0288298143290977","0"
"LKA","Sri Lanka","0.107660971177356","0"
"SDN","Sudan","0.155961664546507","0"
"SUR","Suriname","0.0451512339563066","0"
"SWZ","Swaziland","-0.0114956504349113","0"
"SWE","Sweden","-0.302413888525424","-1"
"CHE","Switzerland","-0.364746414304553","-1"
"SYR","Syrian Arab Republic","-0.232827352714769","-1"
"TJK","Tajikistan","0.425405629432208","1"
"TZA","Tanzania, United Republic of","0.0679846831652084","0"
"THA","Thailand","0.326327292780312","1"
"TLS","Timor-Leste","-0.226288689621667","-1"
"TGO","Togo","0.578971927919102","1"
"TON","Tonga","0.0456545918450004","0"
"TTO","Trinidad and Tobago","-0.263831945195673","-1"
"TUN","Tunisia","0.0620894142748745","0"
"TUR","Turkey","0.272807035174989","0"
"TKM","Turkmenistan","0.0443274807614213","0"
"TUV","Tuvalu","",""
"UGA","Uganda","0.0756094612779313","0"
"UKR","Ukraine","0.481400730923796","1"
"ARE","United Arab Emirates","0.0750664874930378","0"
"GBR","United Kingdom","-0.341498517610314","-1"
"USA","United States","-0.311240078539754","-1"
"URY","Uruguay","0.385355106026604","1"
"UZB","Uzbekistan","0.95752408186295","1"
"VUT","Vanuatu","0.125083731937053","0"
"VEN","Venezuela, Bolivarian Republic o","-0.315159379208695","-1"
"VNM","Viet Nam","0.445300642792873","1"
"YEM","Yemen","-0.161190658656188","-1"
"ZMB","Zambia","0.0751804864796283","0"
"ZWE","Zimbabwe","0.106274008636067","0"
